Product_ID,Product_Name,Category,Subcategory,List_Price,Unit_Cost,Base_Gross_Margin,Product_Rating,Brand_Tier,Discount_Sensitivity
P0001,Audio 01,Electronics,Audio,3918.02,3516.9,0.1024,3.73,Established Brand,Low
P0002,Audio 02,Electronics,Audio,810.77,534.43,0.3408,4.33,Private Label,Medium
P0003,Audio 03,Electronics,Audio,8917.84,6245.36,0.2997,3.23,Established Brand,Low
P0004,Audio 04,Electronics,Audio,1081.97,640.01,0.4085,3.87,Premium Brand,Low
P0005,Audio 05,Electronics,Audio,1418.85,843.61,0.4054,3.56,Established Brand,Low
P0006,Audio 06,Electronics,Audio,2622.91,1571.6,0.4008,3.93,Established Brand,High
P0007,Audio 07,Electronics,Audio,4165.49,2539.33,0.3904,3.56,Premium Brand,Low
P0008,Audio 08,Electronics,Audio,6041.12,4301.1,0.288,4.01,Established Brand,Medium
P0009,Audio 09,Electronics,Audio,15347.47,12640.48,0.1764,3.72,Premium Brand,Medium
P0010,Audio 10,Electronics,Audio,13203.36,8890.84,0.3266,4.46,Private Label,High
P0011,Mobile Accessories 01,Electronics,Mobile Accessories,3547.71,3187.82,0.1014,4.05,Emerging Brand,Low
P0012,Mobile Accessories 02,Electronics,Mobile Accessories,13246.13,8594.12,0.3512,4.79,Emerging Brand,Low
P0013,Mobile Accessories 03,Electronics,Mobile Accessories,3918.16,2896.79,0.2607,3.4,Established Brand,Medium
P0014,Mobile Accessories 04,Electronics,Mobile Accessories,1229.53,991.29,0.1938,4.27,Established Brand,High
P0015,Mobile Accessories 05,Electronics,Mobile Accessories,16655.9,11038.96,0.3372,3.92,Established Brand,Low
P0016,Mobile Accessories 06,Electronics,Mobile Accessories,6446.72,4266.61,0.3382,4.55,Private Label,Low
P0017,Mobile Accessories 07,Electronics,Mobile Accessories,17622.54,9273.24,0.4738,4.57,Emerging Brand,Medium
P0018,Mobile Accessories 08,Electronics,Mobile Accessories,1773.42,1294.76,0.2699,3.94,Emerging Brand,Medium
P0019,Mobile Accessories 09,Electronics,Mobile Accessories,5742.44,4301.69,0.2509,4.73,Emerging Brand,High
P0020,Mobile Accessories 10,Electronics,Mobile Accessories,1331.08,1025.51,0.2296,4.9,Established Brand,Medium
P0021,Smart Devices 01,Electronics,Smart Devices,3040.45,2788.34,0.0829,4.06,Emerging Brand,Medium
P0022,Smart Devices 02,Electronics,Smart Devices,1179.54,897.04,0.2395,4.45,Private Label,Low
P0023,Smart Devices 03,Electronics,Smart Devices,11082.06,7976.58,0.2802,4.03,Established Brand,Low
P0024,Smart Devices 04,Electronics,Smart Devices,3847.83,2042.1,0.4693,3.36,Private Label,Low
P0025,Smart Devices 05,Electronics,Smart Devices,2331.74,1363.98,0.415,3.44,Private Label,Low
P0026,Smart Devices 06,Electronics,Smart Devices,1489.16,852.72,0.4274,3.39,Premium Brand,Medium
P0027,Smart Devices 07,Electronics,Smart Devices,2952.76,2483.68,0.1589,3.54,Premium Brand,Medium
P0028,Smart Devices 08,Electronics,Smart Devices,7831.08,6141.74,0.2157,3.94,Emerging Brand,Medium
P0029,Smart Devices 09,Electronics,Smart Devices,3581.51,2623.06,0.2676,3.99,Emerging Brand,Medium
P0030,Smart Devices 10,Electronics,Smart Devices,2552.81,1873.23,0.2662,3.51,Private Label,Medium
P0031,Kitchen 01,Home & Living,Kitchen,7475.01,6337.69,0.1521,3.51,Private Label,Low
P0032,Kitchen 02,Home & Living,Kitchen,1221.96,647.2,0.4704,4.22,Established Brand,Low
P0033,Kitchen 03,Home & Living,Kitchen,570.75,321.83,0.4361,4.12,Emerging Brand,Medium
P0034,Kitchen 04,Home & Living,Kitchen,2172.29,1464.23,0.326,4.5,Emerging Brand,High
P0035,Kitchen 05,Home & Living,Kitchen,2805.04,2250.71,0.1976,4.57,Established Brand,Low
P0036,Kitchen 06,Home & Living,Kitchen,3991.24,2398.69,0.399,4.32,Private Label,High
P0037,Kitchen 07,Home & Living,Kitchen,2089.93,1226.68,0.4131,3.73,Private Label,Low
P0038,Kitchen 08,Home & Living,Kitchen,2291.46,1624.45,0.2911,4.36,Emerging Brand,High
P0039,Kitchen 09,Home & Living,Kitchen,485.18,330.98,0.3178,4.21,Established Brand,Low
P0040,Kitchen 10,Home & Living,Kitchen,2356.15,1498.31,0.3641,3.81,Private Label,Medium
P0041,Home Decor 01,Home & Living,Home Decor,208.22,138.37,0.3355,3.79,Established Brand,Medium
P0042,Home Decor 02,Home & Living,Home Decor,3114.6,2268.78,0.2716,4.2,Private Label,Medium
P0043,Home Decor 03,Home & Living,Home Decor,815.12,630.73,0.2262,3.96,Private Label,Low
P0044,Home Decor 04,Home & Living,Home Decor,650.55,548.78,0.1564,3.83,Emerging Brand,High
P0045,Home Decor 05,Home & Living,Home Decor,649.8,531.95,0.1814,4.59,Established Brand,Low
P0046,Home Decor 06,Home & Living,Home Decor,2054.14,1509.6,0.2651,3.91,Emerging Brand,Low
P0047,Home Decor 07,Home & Living,Home Decor,1299.89,824.21,0.3659,4.23,Established Brand,High
P0048,Home Decor 08,Home & Living,Home Decor,3495.0,2245.46,0.3575,4.9,Emerging Brand,High
P0049,Home Decor 09,Home & Living,Home Decor,310.14,233.71,0.2464,3.53,Private Label,Medium
P0050,Home Decor 10,Home & Living,Home Decor,4144.52,2279.29,0.45,3.25,Emerging Brand,Medium
P0051,Storage 01,Home & Living,Storage,361.96,286.83,0.2076,3.78,Established Brand,Low
P0052,Storage 02,Home & Living,Storage,467.94,243.63,0.4793,4.09,Established Brand,Low
P0053,Storage 03,Home & Living,Storage,215.84,123.12,0.4296,4.23,Emerging Brand,Medium
P0054,Storage 04,Home & Living,Storage,1377.79,855.97,0.3787,4.17,Private Label,High
P0055,Storage 05,Home & Living,Storage,268.73,160.75,0.4018,3.3,Established Brand,Medium
P0056,Storage 06,Home & Living,Storage,302.89,245.14,0.1907,3.88,Emerging Brand,High
P0057,Storage 07,Home & Living,Storage,508.77,324.47,0.3622,4.07,Private Label,High
P0058,Storage 08,Home & Living,Storage,3689.95,1969.6,0.4662,4.65,Premium Brand,Medium
P0059,Storage 09,Home & Living,Storage,510.82,295.0,0.4225,3.91,Established Brand,Medium
P0060,Storage 10,Home & Living,Storage,768.09,552.29,0.281,4.16,Established Brand,Medium
P0061,Women 01,Fashion,Women,1512.14,1291.54,0.1459,4.11,Private Label,Medium
P0062,Women 02,Fashion,Women,582.24,476.03,0.1824,4.38,Established Brand,Medium
P0063,Women 03,Fashion,Women,2837.1,1961.04,0.3088,4.15,Established Brand,Low
P0064,Women 04,Fashion,Women,352.75,197.82,0.4392,3.69,Established Brand,Low
P0065,Women 05,Fashion,Women,356.58,212.68,0.4036,4.09,Emerging Brand,Low
P0066,Women 06,Fashion,Women,290.44,211.06,0.2733,4.61,Emerging Brand,High
P0067,Women 07,Fashion,Women,466.66,305.77,0.3448,4.74,Established Brand,Medium
P0068,Women 08,Fashion,Women,699.28,584.68,0.1639,3.81,Established Brand,Medium
P0069,Women 09,Fashion,Women,1161.47,751.93,0.3526,3.49,Established Brand,High
P0070,Women 10,Fashion,Women,303.08,161.13,0.4684,4.11,Private Label,Medium
P0071,Men 01,Fashion,Men,1456.23,1308.49,0.1015,3.93,Private Label,High
P0072,Men 02,Fashion,Men,432.09,348.98,0.1923,3.48,Established Brand,High
P0073,Men 03,Fashion,Men,1117.21,618.83,0.4461,4.81,Emerging Brand,Low
P0074,Men 04,Fashion,Men,1667.12,1278.02,0.2334,4.09,Premium Brand,High
P0075,Men 05,Fashion,Men,729.58,591.46,0.1893,3.88,Established Brand,High
P0076,Men 06,Fashion,Men,1042.16,593.8,0.4302,3.17,Emerging Brand,Medium
P0077,Men 07,Fashion,Men,753.95,484.35,0.3576,4.5,Premium Brand,Medium
P0078,Men 08,Fashion,Men,685.44,431.19,0.3709,4.1,Private Label,Medium
P0079,Men 09,Fashion,Men,1634.29,1268.97,0.2235,4.0,Private Label,Medium
P0080,Men 10,Fashion,Men,424.62,263.62,0.3792,4.22,Private Label,Medium
P0081,Footwear 01,Fashion,Footwear,462.13,401.74,0.1307,4.34,Emerging Brand,Medium
P0082,Footwear 02,Fashion,Footwear,255.58,138.56,0.4578,4.27,Private Label,High
P0083,Footwear 03,Fashion,Footwear,2170.28,1210.1,0.4424,4.24,Established Brand,Low
P0084,Footwear 04,Fashion,Footwear,2500.68,1739.92,0.3042,3.32,Private Label,Low
P0085,Footwear 05,Fashion,Footwear,1859.1,1045.46,0.4377,4.59,Emerging Brand,Medium
P0086,Footwear 06,Fashion,Footwear,3039.64,1657.0,0.4549,4.42,Established Brand,Medium
P0087,Footwear 07,Fashion,Footwear,362.03,226.81,0.3735,4.03,Emerging Brand,Medium
P0088,Footwear 08,Fashion,Footwear,2891.08,1592.06,0.4493,4.12,Established Brand,High
P0089,Footwear 09,Fashion,Footwear,378.93,271.8,0.2827,3.69,Emerging Brand,Low
P0090,Footwear 10,Fashion,Footwear,3458.65,2510.54,0.2741,3.82,Established Brand,Low
P0091,Skincare 01,Beauty & Personal Care,Skincare,194.33,117.51,0.3953,3.97,Emerging Brand,Low
P0092,Skincare 02,Beauty & Personal Care,Skincare,2330.98,1539.9,0.3394,4.16,Established Brand,Medium
P0093,Skincare 03,Beauty & Personal Care,Skincare,1079.12,756.25,0.2992,4.58,Emerging Brand,Low
P0094,Skincare 04,Beauty & Personal Care,Skincare,152.56,128.19,0.1597,4.54,Private Label,Medium
P0095,Skincare 05,Beauty & Personal Care,Skincare,677.36,431.14,0.3635,4.46,Established Brand,Medium
P0096,Skincare 06,Beauty & Personal Care,Skincare,318.31,243.03,0.2365,4.17,Established Brand,Low
P0097,Skincare 07,Beauty & Personal Care,Skincare,235.85,162.05,0.3129,4.19,Emerging Brand,Medium
P0098,Skincare 08,Beauty & Personal Care,Skincare,922.67,499.99,0.4581,3.82,Private Label,Low
P0099,Skincare 09,Beauty & Personal Care,Skincare,1745.22,956.69,0.4518,3.94,Established Brand,Low
P0100,Skincare 10,Beauty & Personal Care,Skincare,711.79,457.46,0.3573,4.17,Established Brand,Low
P0101,Haircare 01,Beauty & Personal Care,Haircare,1647.97,1301.9,0.21,3.74,Established Brand,Low
P0102,Haircare 02,Beauty & Personal Care,Haircare,1599.79,922.23,0.4235,3.84,Established Brand,Medium
P0103,Haircare 03,Beauty & Personal Care,Haircare,643.25,425.65,0.3383,4.62,Premium Brand,Medium
P0104,Haircare 04,Beauty & Personal Care,Haircare,179.54,130.2,0.2748,3.42,Emerging Brand,Low
P0105,Haircare 05,Beauty & Personal Care,Haircare,1880.46,1231.16,0.3453,4.22,Premium Brand,High
P0106,Haircare 06,Beauty & Personal Care,Haircare,271.21,153.12,0.4354,4.9,Established Brand,Medium
P0107,Haircare 07,Beauty & Personal Care,Haircare,439.77,355.24,0.1922,3.62,Emerging Brand,Low
P0108,Haircare 08,Beauty & Personal Care,Haircare,429.68,187.54,0.5635,3.81,Private Label,High
P0109,Haircare 09,Beauty & Personal Care,Haircare,973.31,523.09,0.4626,3.87,Premium Brand,High
P0110,Haircare 10,Beauty & Personal Care,Haircare,1225.05,939.53,0.2331,3.98,Premium Brand,High
P0111,Grooming 01,Beauty & Personal Care,Grooming,898.93,655.57,0.2707,3.78,Emerging Brand,Low
P0112,Grooming 02,Beauty & Personal Care,Grooming,496.12,278.29,0.4391,4.56,Private Label,Medium
P0113,Grooming 03,Beauty & Personal Care,Grooming,1718.03,1378.65,0.1975,3.89,Premium Brand,Medium
P0114,Grooming 04,Beauty & Personal Care,Grooming,362.43,189.22,0.4779,4.52,Premium Brand,Medium
P0115,Grooming 05,Beauty & Personal Care,Grooming,2122.91,1580.59,0.2555,4.35,Established Brand,Medium
P0116,Grooming 06,Beauty & Personal Care,Grooming,1052.22,583.89,0.4451,3.96,Emerging Brand,Medium
P0117,Grooming 07,Beauty & Personal Care,Grooming,2596.22,1571.06,0.3949,3.38,Premium Brand,High
P0118,Grooming 08,Beauty & Personal Care,Grooming,415.18,191.33,0.5392,4.63,Private Label,Medium
P0119,Grooming 09,Beauty & Personal Care,Grooming,661.02,324.61,0.5089,4.38,Established Brand,Low
P0120,Grooming 10,Beauty & Personal Care,Grooming,836.64,469.83,0.4384,3.27,Established Brand,Low
P0121,Fitness Gear 01,Sports & Fitness,Fitness Gear,255.07,159.46,0.3748,3.66,Emerging Brand,Medium
P0122,Fitness Gear 02,Sports & Fitness,Fitness Gear,7441.65,4734.3,0.3638,4.16,Private Label,Medium
P0123,Fitness Gear 03,Sports & Fitness,Fitness Gear,1373.39,865.03,0.3701,4.1,Emerging Brand,High
P0124,Fitness Gear 04,Sports & Fitness,Fitness Gear,965.36,605.76,0.3725,4.63,Premium Brand,Low
P0125,Fitness Gear 05,Sports & Fitness,Fitness Gear,639.32,400.85,0.373,4.44,Emerging Brand,High
P0126,Fitness Gear 06,Sports & Fitness,Fitness Gear,276.32,180.99,0.345,4.45,Established Brand,Low
P0127,Fitness Gear 07,Sports & Fitness,Fitness Gear,1775.2,1383.42,0.2207,4.18,Private Label,Low
P0128,Fitness Gear 08,Sports & Fitness,Fitness Gear,4536.24,2134.98,0.5294,4.14,Private Label,High
P0129,Fitness Gear 09,Sports & Fitness,Fitness Gear,1507.24,646.3,0.5712,3.06,Emerging Brand,Medium
P0130,Fitness Gear 10,Sports & Fitness,Fitness Gear,6885.48,5473.82,0.205,4.68,Emerging Brand,High
P0131,Outdoor 01,Sports & Fitness,Outdoor,429.75,310.33,0.2779,4.5,Established Brand,Medium
P0132,Outdoor 02,Sports & Fitness,Outdoor,305.39,249.05,0.1845,4.06,Private Label,Medium
P0133,Outdoor 03,Sports & Fitness,Outdoor,422.53,222.83,0.4726,3.36,Established Brand,Medium
P0134,Outdoor 04,Sports & Fitness,Outdoor,7580.07,6432.87,0.1513,3.19,Established Brand,High
P0135,Outdoor 05,Sports & Fitness,Outdoor,1107.14,937.53,0.1532,4.52,Emerging Brand,Medium
P0136,Outdoor 06,Sports & Fitness,Outdoor,5117.48,2756.62,0.4613,3.66,Emerging Brand,Low
P0137,Outdoor 07,Sports & Fitness,Outdoor,860.94,703.03,0.1834,3.33,Private Label,Medium
P0138,Outdoor 08,Sports & Fitness,Outdoor,958.65,406.53,0.5759,4.25,Established Brand,Medium
P0139,Outdoor 09,Sports & Fitness,Outdoor,3896.67,1721.45,0.5582,3.35,Established Brand,Low
P0140,Outdoor 10,Sports & Fitness,Outdoor,2204.06,1411.71,0.3595,3.8,Established Brand,Low
P0141,Wellness 01,Sports & Fitness,Wellness,801.5,537.83,0.329,4.16,Established Brand,Medium
P0142,Wellness 02,Sports & Fitness,Wellness,6730.91,5089.4,0.2439,4.12,Private Label,Medium
P0143,Wellness 03,Sports & Fitness,Wellness,859.54,648.87,0.2451,3.52,Established Brand,Medium
P0144,Wellness 04,Sports & Fitness,Wellness,966.64,677.95,0.2987,4.01,Established Brand,Low
P0145,Wellness 05,Sports & Fitness,Wellness,5055.51,2894.41,0.4275,4.0,Premium Brand,Medium
P0146,Wellness 06,Sports & Fitness,Wellness,265.12,213.0,0.1966,4.16,Premium Brand,Medium
P0147,Wellness 07,Sports & Fitness,Wellness,8414.37,6183.44,0.2651,3.86,Established Brand,Medium
P0148,Wellness 08,Sports & Fitness,Wellness,264.49,138.19,0.4775,4.56,Private Label,Medium
P0149,Wellness 09,Sports & Fitness,Wellness,8483.95,3753.28,0.5576,3.55,Private Label,Low
P0150,Wellness 10,Sports & Fitness,Wellness,1509.16,874.71,0.4204,3.8,Private Label,Medium
P0151,Snacks 01,Grocery & Gourmet,Snacks,97.77,61.41,0.3719,4.61,Private Label,Low
P0152,Snacks 02,Grocery & Gourmet,Snacks,604.55,478.53,0.2085,3.83,Emerging Brand,High
P0153,Snacks 03,Grocery & Gourmet,Snacks,306.55,170.78,0.4429,4.36,Premium Brand,High
P0154,Snacks 04,Grocery & Gourmet,Snacks,385.91,242.76,0.371,4.3,Private Label,Medium
P0155,Snacks 05,Grocery & Gourmet,Snacks,1476.33,1109.78,0.2483,4.33,Emerging Brand,Low
P0156,Snacks 06,Grocery & Gourmet,Snacks,392.81,284.72,0.2752,3.61,Private Label,Medium
P0157,Snacks 07,Grocery & Gourmet,Snacks,2090.49,1526.32,0.2699,4.68,Emerging Brand,Medium
P0158,Snacks 08,Grocery & Gourmet,Snacks,180.91,131.26,0.2744,3.88,Emerging Brand,Low
P0159,Snacks 09,Grocery & Gourmet,Snacks,104.67,54.55,0.4789,3.3,Private Label,Low
P0160,Snacks 10,Grocery & Gourmet,Snacks,2031.28,1533.48,0.2451,4.49,Established Brand,Medium
P0161,Beverages 01,Grocery & Gourmet,Beverages,88.28,72.35,0.1805,3.99,Private Label,High
P0162,Beverages 02,Grocery & Gourmet,Beverages,277.31,206.8,0.2543,4.7,Private Label,Medium
P0163,Beverages 03,Grocery & Gourmet,Beverages,1216.76,996.79,0.1808,3.84,Established Brand,High
P0164,Beverages 04,Grocery & Gourmet,Beverages,171.61,99.99,0.4173,3.59,Emerging Brand,Medium
P0165,Beverages 05,Grocery & Gourmet,Beverages,1120.53,613.16,0.4528,3.48,Private Label,Low
P0166,Beverages 06,Grocery & Gourmet,Beverages,581.95,427.82,0.2648,4.64,Emerging Brand,Low
P0167,Beverages 07,Grocery & Gourmet,Beverages,334.5,240.53,0.2809,3.98,Private Label,Low
P0168,Beverages 08,Grocery & Gourmet,Beverages,1137.07,727.44,0.3603,4.08,Emerging Brand,High
P0169,Beverages 09,Grocery & Gourmet,Beverages,1662.1,1138.69,0.3149,4.08,Established Brand,Low
P0170,Beverages 10,Grocery & Gourmet,Beverages,300.18,182.83,0.3909,3.74,Established Brand,Medium
P0171,Staples 01,Grocery & Gourmet,Staples,782.23,550.24,0.2966,4.07,Premium Brand,Medium
P0172,Staples 02,Grocery & Gourmet,Staples,532.96,408.64,0.2333,4.55,Premium Brand,High
P0173,Staples 03,Grocery & Gourmet,Staples,898.81,503.09,0.4403,4.25,Emerging Brand,High
P0174,Staples 04,Grocery & Gourmet,Staples,151.1,110.08,0.2715,3.59,Private Label,Medium
P0175,Staples 05,Grocery & Gourmet,Staples,873.29,571.84,0.3452,4.88,Emerging Brand,Low
P0176,Staples 06,Grocery & Gourmet,Staples,298.15,243.56,0.1831,4.19,Emerging Brand,Low
P0177,Staples 07,Grocery & Gourmet,Staples,1127.3,915.44,0.1879,4.22,Emerging Brand,Medium
P0178,Staples 08,Grocery & Gourmet,Staples,1185.2,814.1,0.3131,4.43,Established Brand,Low
P0179,Staples 09,Grocery & Gourmet,Staples,384.88,274.32,0.2873,4.45,Established Brand,Low
P0180,Staples 10,Grocery & Gourmet,Staples,795.34,670.86,0.1565,3.11,Emerging Brand,Medium
